,app,category
0,Napster,Apps for Android
1,Napster,Music
2,Napster,Music Players
3,Scan2PDF Mobile 2.0,Apps for Android
4,Scan2PDF Mobile 2.0,Productivity
5,Daily Bible,Apps for Android
6,Daily Bible,Reference
7,"Free Calls and Free Texting, Photo and Video Sharing and Cheap International Calls by Voxofon",Apps for Android
8,"Free Calls and Free Texting, Photo and Video Sharing and Cheap International Calls by Voxofon",Communication
9,Bubble Defense 2,Apps for Android
10,Bubble Defense 2,Games
11,Fast Reboot,Apps for Android
12,Fast Reboot,Productivity
13,Enigma - Cryptograms,Apps for Android
14,Enigma - Cryptograms,Games
15,Vegas Pool Sharks,Apps for Android
16,Vegas Pool Sharks,Games
17,Tank Ace 1944,Apps for Android
18,Tank Ace 1944,Games
19,Gragger,Apps for Android
20,Gragger,Games
21,Par 72 Golf,Apps for Android
22,Par 72 Golf,Games
23,Car Locator,Apps for Android
24,Car Locator,Navigation
25,TV Listings by TV24 - TV Guide,Apps for Android
26,TV Listings by TV24 - TV Guide,Entertainment
27,Enjoy Sudoku,Apps for Android
28,Enjoy Sudoku,Games
29,Overkill: Space Shooter,Apps for Android
30,Overkill: Space Shooter,Games
31,Backgammon Free,Apps for Android
32,Backgammon Free,Games
33,View a Clue Zaza's Parade,Apps for Android
34,View a Clue Zaza's Parade,Games
35,Kids Piano,Apps for Android
36,Kids Piano,Music
37,Kids Piano,Instruments
38,Speed Dial Old School,Apps for Android
39,Speed Dial Old School,Productivity
40,Spell Checker,Apps for Android
41,Spell Checker,Productivity
42,TerraTime,Apps for Android
43,TerraTime,Education
